"term","vif"
"wt",4.84461752591878
"hp",2.73663269169123
"disp",7.3245171503634
